SimulationName,Season,EnvType
ExperimentDarling Downs ESiteDalby_Vert180SowingEarlySoilWaterLow,1900,3
ExperimentDarling Downs ESiteDalby_GC150MSowingEarlySoilWaterLow,1900,3
ExperimentDarling Downs ESiteMiles_GC120SowingEarlySoilWaterLow,1900,3
ExperimentDarling Downs SW P2SiteMoree_Vert200SowingEarlySoilWaterLow,1900,3
ExperimentDarling Downs SW P1SiteGoondiwindi_RC140SowingMidSoilWaterHigh,1900,3
ExperimentDarling Downs SW P2SiteMoree_GC150HSowingMidSoilWaterLow,1900,3
ExperimentDarling Downs SW P2SiteMoree_Vert200SowingMidSoilWaterLow,1900,3
ExperimentDarling Downs ESitePittsworth_GC150MSowingMidSoilWaterLow,1900,3
ExperimentDarling Downs SW P1SiteGoondiwindi_GC120SowingMidSoilWaterLow,1900,3
ExperimentDarling Downs SW P1SiteGoondiwindi_RC140SowingLateSoilWaterLow,1900,3
ExperimentDarling Downs ESiteMiles_GC120SowingEarlySoilWaterLow,1901,3
ExperimentDarling Downs ESiteDalby_Vert180SowingLateSoilWaterLow,1901,3
ExperimentDarling Downs SW P2SiteMoree_Vert200SowingEarlySoilWaterLow,1902,3
ExperimentDarling Downs ESitePittsworth_GC150MSowingMidSoilWaterLow,1902,3
ExperimentDarling Downs ESiteDalby_Vert180SowingMidSoilWaterLow,1902,3
ExperimentDarling Downs ESiteDalby_GC150MSowingMidSoilWaterLow,1902,3
ExperimentDarling Downs SW P2SiteMoree_GC150HSowingLateSoilWaterHigh,1902,3
ExperimentDarling Downs SW P2SiteMoree_Vert200SowingLateSoilWaterMid,1902,3
ExperimentDarling Downs SW P2SiteMoree_GC150HSowingLateSoilWaterMid,1902,3
ExperimentDarling Downs SW P2SiteMoree_GC150HSowingLateSoilWaterLow,1902,3
ExperimentDarling Downs SW P2SiteMoree_GC150HSowingMidSoilWaterLow,1903,3
ExperimentDarling Downs SW P1SiteGoondiwindi_GC120SowingMidSoilWaterLow,1903,3
ExperimentDarling Downs SW P2SiteMoree_Vert200SowingMidSoilWaterLow,1903,3
ExperimentDarling Downs ESiteMiles_GC120SowingMidSoilWaterLow,1903,3
ExperimentDarling Downs ESiteDalby_Vert180SowingMidSoilWaterLow,1903,3
ExperimentDarling Downs SW P1SiteGoondiwindi_RC140SowingMidSoilWaterLow,1903,3
ExperimentDarling Downs ESiteDalby_GC150MSowingMidSoilWaterLow,1903,3
ExperimentDarling Downs ESitePittsworth_GC150MSowingMidSoilWaterLow,1903,3
ExperimentDarling Downs ESiteDalby_Vert180SowingEarlySoilWaterLow,1904,3
ExperimentDarling Downs ESiteDalby_GC150MSowingEarlySoilWaterLow,1904,3
ExperimentDarling Downs SW P1SiteGoondiwindi_GC120SowingEarlySoilWaterLow,1904,3
ExperimentDarling Downs SW P1SiteGoondiwindi_RC140SowingEarlySoilWaterLow,1904,3
ExperimentDarling Downs ESiteMiles_GC120SowingLateSoilWaterMid,1904,3
ExperimentDarling Downs SW P1SiteGoondiwindi_RC140SowingLateSoilWaterMid,1904,3
ExperimentDarling Downs SW P2SiteMoree_GC150HSowingLateSoilWaterLow,1904,3
ExperimentDarling Downs SW P2SiteMoree_Vert200SowingLateSoilWaterLow,1904,3
ExperimentDarling Downs ESiteDalby_Vert180SowingEarlySoilWaterLow,1905,3
ExperimentDarling Downs SW P2SiteMoree_Vert200SowingMidSoilWaterMid,1905,3
ExperimentDarling Downs SW P2SiteMoree_Vert200SowingEarlySoilWaterLow,1905,3
ExperimentDarling Downs SW P2SiteMoree_GC150HSowingMidSoilWaterMid,1905,3
ExperimentDarling Downs SW P2SiteMoree_Vert200SowingEarlySoilWaterMid,1906,3
ExperimentDarling Downs SW P2SiteMoree_GC150HSowingEarlySoilWaterHigh,1906,3
ExperimentDarling Downs SW P2SiteMoree_GC150HSowingEarlySoilWaterMid,1906,3
ExperimentDarling Downs SW P2SiteMoree_Vert200SowingMidSoilWaterMid,1907,3
ExperimentDarling Downs SW P2SiteMoree_GC150HSowingMidSoilWaterMid,1907,3
ExperimentDarling Downs ESiteMiles_GC120SowingMidSoilWaterMid,1907,3
ExperimentDarling Downs ESiteDalby_GC150MSowingMidSoilWaterMid,1907,3
ExperimentDarling Downs SW P2SiteMoree_GC150HSowingMidSoilWaterLow,1907,3
ExperimentDarling Downs ESiteMiles_GC120SowingMidSoilWaterLow,1907,3
ExperimentDarling Downs SW P1SiteGoondiwindi_GC120SowingMidSoilWaterLow,1907,3
ExperimentDarling Downs ESiteDalby_GC150MSowingMidSoilWaterLow,1907,3
ExperimentDarling Downs ESiteDalby_Vert180SowingMidSoilWaterLow,1907,3
ExperimentDarling Downs SW P1SiteGoondiwindi_RC140SowingMidSoilWaterLow,1907,3
ExperimentDarling Downs SW P2SiteMoree_Vert200SowingEarlySoilWaterLow,1908,3
ExperimentDarling Downs SW P2SiteMoree_GC150HSowingEarlySoilWaterLow,1908,3
ExperimentDarling Downs ESiteMiles_GC120SowingEarlySoilWaterLow,1908,3
ExperimentDarling Downs ESiteDalby_GC150MSowingMidSoilWaterHigh,1908,3
ExperimentDarling Downs ESiteDalby_GC150MSowingMidSoilWaterMid,1908,3
ExperimentDarling Downs SW P1SiteGoondiwindi_GC120SowingMidSoilWaterMid,1908,3
ExperimentDarling Downs SW P2SiteMoree_GC150HSowingMidSoilWaterLow,1908,3
ExperimentDarling Downs SW P2SiteMoree_Vert200SowingMidSoilWaterLow,1908,3
ExperimentDarling Downs ESitePittsworth_GC150MSowingMidSoilWaterMid,1908,3
ExperimentDarling Downs ESiteDalby_GC150MSowingLateSoilWaterLow,1908,3
ExperimentDarling Downs ESiteDalby_Vert180SowingLateSoilWaterLow,1908,3
ExperimentDarling Downs SW P1SiteGoondiwindi_RC140SowingEarlySoilWaterHigh,1909,3
ExperimentDarling Downs ESiteDalby_GC150MSowingEarlySoilWaterHigh,1909,3
ExperimentDarling Downs ESiteDalby_GC150MSowingEarlySoilWaterMid,1909,3
ExperimentDarling Downs SW P1SiteGoondiwindi_RC140SowingEarlySoilWaterMid,1909,3
ExperimentDarling Downs ESitePittsworth_GC150MSowingEarlySoilWaterMid,1909,3
ExperimentDarling Downs SW P1SiteGoondiwindi_GC120SowingEarlySoilWaterLow,1909,3
ExperimentDarling Downs SW P1SiteGoondiwindi_RC140SowingEarlySoilWaterLow,1909,3
ExperimentDarling Downs ESiteDalby_Vert180SowingEarlySoilWaterLow,1909,3
ExperimentDarling Downs ESiteDalby_GC150MSowingEarlySoilWaterLow,1909,3
ExperimentDarling Downs ESitePittsworth_GC150MSowingEarlySoilWaterLow,1909,3
ExperimentDarling Downs SW P1SiteGoondiwindi_RC140SowingEarlySoilWaterMid,1910,3
ExperimentDarling Downs SW P2SiteMoree_GC150HSowingEarlySoilWaterMid,1910,3
ExperimentDarling Downs SW P1SiteGoondiwindi_GC120SowingEarlySoilWaterLow,1910,3
ExperimentDarling Downs SW P1SiteGoondiwindi_RC140SowingEarlySoilWaterLow,1910,3
ExperimentDarling Downs ESiteDalby_Vert180SowingEarlySoilWaterLow,1910,3
ExperimentDarling Downs ESiteDalby_GC150MSowingEarlySoilWaterLow,1910,3
ExperimentDarling Downs SW P2SiteMoree_Vert200SowingEarlySoilWaterLow,1910,3
ExperimentDarling Downs SW P2SiteMoree_GC150HSowingEarlySoilWaterLow,1910,3
ExperimentDarling Downs SW P2SiteMoree_GC150HSowingMidSoilWaterHigh,1911,3
ExperimentDarling Downs SW P2SiteMoree_Vert200SowingMidSoilWaterMid,1911,3
ExperimentDarling Downs ESiteMiles_GC120SowingMidSoilWaterLow,1911,3
ExperimentDarling Downs SW P2SiteMoree_GC150HSowingMidSoilWaterMid,1911,3
ExperimentDarling Downs ESiteDalby_Vert180SowingMidSoilWaterLow,1911,3
ExperimentDarling Downs ESiteDalby_GC150MSowingMidSoilWaterLow,1911,3
ExperimentDarling Downs ESitePittsworth_GC150MSowingMidSoilWaterLow,1911,3
ExperimentDarling Downs SW P1SiteGoondiwindi_RC140SowingMidSoilWaterMid,1911,3
ExperimentDarling Downs SW P1SiteGoondiwindi_GC120SowingMidSoilWaterLow,1911,3
ExperimentDarling Downs SW P2SiteMoree_GC150HSowingMidSoilWaterLow,1911,3
ExperimentDarling Downs SW P2SiteMoree_Vert200SowingMidSoilWaterLow,1911,3
ExperimentDarling Downs ESiteMiles_GC120SowingEarlySoilWaterLow,1912,3
ExperimentDarling Downs ESiteDalby_Vert180SowingEarlySoilWaterMid,1912,3
ExperimentDarling Downs ESiteDalby_GC150MSowingEarlySoilWaterHigh,1912,3
ExperimentDarling Downs SW P1SiteGoondiwindi_GC120SowingMidSoilWaterLow,1912,3
ExperimentDarling Downs SW P1SiteGoondiwindi_RC140SowingMidSoilWaterLow,1912,3
ExperimentDarling Downs SW P2SiteMoree_GC150HSowingLateSoilWaterLow,1912,3
ExperimentDarling Downs ESitePittsworth_GC150MSowingEarlySoilWaterMid,1913,3
ExperimentDarling Downs ESiteMiles_GC120SowingEarlySoilWaterLow,1913,3
ExperimentDarling Downs ESitePittsworth_GC150MSowingEarlySoilWaterLow,1913,3
ExperimentDarling Downs ESiteMiles_GC120SowingMidSoilWaterLow,1913,3
ExperimentDarling Downs SW P1SiteGoondiwindi_GC120SowingMidSoilWaterMid,1913,3
ExperimentDarling Downs SW P1SiteGoondiwindi_RC140SowingMidSoilWaterHigh,1913,3
ExperimentDarling Downs SW P2SiteMoree_Vert200SowingMidSoilWaterLow,1913,3
ExperimentDarling Downs SW P2SiteMoree_GC150HSowingMidSoilWaterLow,1913,3
ExperimentDarling Downs SW P1SiteGoondiwindi_RC140SowingMidSoilWaterMid,1913,3
ExperimentDarling Downs ESiteDalby_GC150MSowingMidSoilWaterLow,1913,3
ExperimentDarling Downs SW P1SiteGoondiwindi_GC120SowingMidSoilWaterLow,1913,3
ExperimentDarling Downs ESiteDalby_Vert180SowingMidSoilWaterLow,1913,3
ExperimentDarling Downs SW P2SiteMoree_GC150HSowingLateSoilWaterLow,1914,3
ExperimentDarling Downs ESiteDalby_Vert180SowingEarlySoilWaterLow,1915,3
ExperimentDarling Downs ESiteMiles_GC120SowingEarlySoilWaterLow,1915,3
ExperimentDarling Downs ESitePittsworth_GC150MSowingEarlySoilWaterLow,1915,3
ExperimentDarling Downs ESiteDalby_GC150MSowingEarlySoilWaterLow,1915,3
ExperimentDarling Downs SW P1SiteGoondiwindi_GC120SowingMidSoilWaterMid,1915,3
ExperimentDarling Downs ESiteDalby_GC150MSowingMidSoilWaterLow,1915,3
ExperimentDarling Downs ESiteDalby_Vert180SowingMidSoilWaterLow,1915,3
ExperimentDarling Downs SW P1SiteGoondiwindi_RC140SowingMidSoilWaterHigh,1915,3
ExperimentDarling Downs SW P1SiteGoondiwindi_RC140SowingMidSoilWaterMid,1915,3
ExperimentDarling Downs SW P1SiteGoondiwindi_GC120SowingMidSoilWaterLow,1915,3
ExperimentDarling Downs SW P2SiteMoree_Vert200SowingMidSoilWaterLow,1915,3
ExperimentDarling Downs SW P2SiteMoree_GC150HSowingMidSoilWaterLow,1915,3
ExperimentDarling Downs SW P1SiteGoondiwindi_RC140SowingLateSoilWaterLow,1915,3
ExperimentDarling Downs SW P2SiteMoree_GC150HSowingLateSoilWaterLow,1915,3
ExperimentDarling Downs SW P2SiteMoree_Vert200SowingLateSoilWaterLow,1915,3
ExperimentDarling Downs ESiteMiles_GC120SowingLateSoilWaterLow,1917,3
ExperimentDarling Downs SW P2SiteMoree_Vert200SowingEarlySoilWaterLow,1918,3
ExperimentDarling Downs ESitePittsworth_GC150MSowingMidSoilWaterLow,1918,3
ExperimentDarling Downs SW P2SiteMoree_Vert200SowingMidSoilWaterLow,1918,3
ExperimentDarling Downs ESiteDalby_Vert180SowingMidSoilWaterLow,1918,3
ExperimentDarling Downs ESiteDalby_GC150MSowingMidSoilWaterLow,1918,3
ExperimentDarling Downs SW P1SiteGoondiwindi_GC120SowingEarlySoilWaterMid,1919,3
ExperimentDarling Downs SW P1SiteGoondiwindi_RC140SowingEarlySoilWaterHigh,1919,3
ExperimentDarling Downs ESiteDalby_GC150MSowingEarlySoilWaterMid,1919,3
ExperimentDarling Downs ESitePittsworth_GC150MSowingEarlySoilWaterHigh,1919,3
ExperimentDarling Downs SW P1SiteGoondiwindi_RC140SowingEarlySoilWaterMid,1919,3
ExperimentDarling Downs ESiteMiles_GC120SowingEarlySoilWaterMid,1919,3
ExperimentDarling Downs ESitePittsworth_GC150MSowingEarlySoilWaterMid,1919,3
ExperimentDarling Downs ESiteDalby_Vert180SowingEarlySoilWaterLow,1919,3
ExperimentDarling Downs ESiteDalby_GC150MSowingEarlySoilWaterLow,1919,3
ExperimentDarling Downs SW P1SiteGoondiwindi_GC120SowingEarlySoilWaterLow,1919,3
ExperimentDarling Downs ESiteMiles_GC120SowingEarlySoilWaterLow,1919,3
ExperimentDarling Downs SW P2SiteMoree_GC150HSowingEarlySoilWaterLow,1919,3
ExperimentDarling Downs SW P2SiteMoree_Vert200SowingEarlySoilWaterLow,1919,3
ExperimentDarling Downs SW P2SiteMoree_Vert200SowingLateSoilWaterLow,1919,3
ExperimentDarling Downs SW P2SiteMoree_GC150HSowingLateSoilWaterLow,1919,3
ExperimentDarling Downs ESiteDalby_GC150MSowingEarlySoilWaterLow,1920,3
ExperimentDarling Downs ESiteDalby_Vert180SowingEarlySoilWaterLow,1920,3
ExperimentDarling Downs SW P2SiteMoree_GC150HSowingMidSoilWaterLow,1920,3
ExperimentDarling Downs SW P2SiteMoree_Vert200SowingMidSoilWaterLow,1920,3
ExperimentDarling Downs SW P1SiteGoondiwindi_GC120SowingMidSoilWaterLow,1920,3
ExperimentDarling Downs SW P1SiteGoondiwindi_RC140SowingMidSoilWaterLow,1920,3
ExperimentDarling Downs ESiteDalby_GC150MSowingEarlySoilWaterMid,1921,3
ExperimentDarling Downs ESiteMiles_GC120SowingEarlySoilWaterMid,1921,3
ExperimentDarling Downs SW P2SiteMoree_Vert200SowingLateSoilWaterMid,1922,3
ExperimentDarling Downs ESiteDalby_Vert180SowingLateSoilWaterLow,1922,3
ExperimentDarling Downs ESiteMiles_GC120SowingEarlySoilWaterHigh,1923,3
ExperimentDarling Downs SW P1SiteGoondiwindi_RC140SowingLateSoilWaterLow,1923,3
ExperimentDarling Downs SW P1SiteGoondiwindi_RC140SowingEarlySoilWaterLow,1924,3
ExperimentDarling Downs SW P2SiteMoree_GC150HSowingEarlySoilWaterLow,1924,3
ExperimentDarling Downs SW P2SiteMoree_Vert200SowingEarlySoilWaterLow,1924,3
ExperimentDarling Downs ESiteDalby_Vert180SowingEarlySoilWaterLow,1924,3
ExperimentDarling Downs ESiteDalby_GC150MSowingEarlySoilWaterLow,1924,3
ExperimentDarling Downs SW P1SiteGoondiwindi_GC120SowingLateSoilWaterLow,1924,3
ExperimentDarling Downs ESiteMiles_GC120SowingEarlySoilWaterHigh,1925,3
ExperimentDarling Downs ESiteMiles_GC120SowingEarlySoilWaterMid,1925,3
ExperimentDarling Downs SW P1SiteGoondiwindi_GC120SowingEarlySoilWaterLow,1925,3
ExperimentDarling Downs ESiteDalby_GC150MSowingEarlySoilWaterLow,1925,3
ExperimentDarling Downs ESiteDalby_Vert180SowingEarlySoilWaterLow,1925,3
ExperimentDarling Downs ESiteMiles_GC120SowingEarlySoilWaterLow,1925,3
ExperimentDarling Downs SW P1SiteGoondiwindi_RC140SowingLateSoilWaterMid,1925,3
ExperimentDarling Downs SW P2SiteMoree_GC150HSowingEarlySoilWaterLow,1926,3
ExperimentDarling Downs SW P2SiteMoree_GC150HSowingLateSoilWaterLow,1926,3
ExperimentDarling Downs SW P2SiteMoree_Vert200SowingLateSoilWaterLow,1926,3
ExperimentDarling Downs SW P2SiteMoree_GC150HSowingMidSoilWaterLow,1927,3
ExperimentDarling Downs SW P1SiteGoondiwindi_RC140SowingMidSoilWaterMid,1927,3
ExperimentDarling Downs SW P2SiteMoree_Vert200SowingMidSoilWaterLow,1927,3
ExperimentDarling Downs SW P1SiteGoondiwindi_RC140SowingLateSoilWaterLow,1927,3
ExperimentDarling Downs ESiteDalby_GC150MSowingEarlySoilWaterLow,1928,3
ExperimentDarling Downs ESiteMiles_GC120SowingEarlySoilWaterLow,1928,3
ExperimentDarling Downs ESiteDalby_Vert180SowingEarlySoilWaterLow,1928,3
ExperimentDarling Downs SW P2SiteMoree_GC150HSowingEarlySoilWaterMid,1928,3
ExperimentDarling Downs SW P2SiteMoree_Vert200SowingMidSoilWaterHigh,1928,3
ExperimentDarling Downs SW P2SiteMoree_Vert200SowingEarlySoilWaterLow,1928,3
ExperimentDarling Downs SW P2SiteMoree_GC150HSowingMidSoilWaterHigh,1928,3
ExperimentDarling Downs ESiteMiles_GC120SowingMidSoilWaterMid,1928,3
ExperimentDarling Downs SW P2SiteMoree_GC150HSowingLateSoilWaterLow,1928,3
ExperimentDarling Downs SW P2SiteMoree_Vert200SowingLateSoilWaterLow,1928,3
ExperimentDarling Downs ESiteMiles_GC120SowingEarlySoilWaterLow,1929,3
ExperimentDarling Downs ESiteDalby_Vert180SowingEarlySoilWaterLow,1929,3
ExperimentDarling Downs ESiteDalby_GC150MSowingEarlySoilWaterLow,1929,3
ExperimentDarling Downs ESitePittsworth_GC150MSowingEarlySoilWaterLow,1929,3
ExperimentDarling Downs SW P1SiteGoondiwindi_GC120SowingEarlySoilWaterLow,1929,3
ExperimentDarling Downs SW P1SiteGoondiwindi_GC120SowingLateSoilWaterLow,1929,3
ExperimentDarling Downs SW P1SiteGoondiwindi_RC140SowingLateSoilWaterLow,1929,3
ExperimentDarling Downs ESitePittsworth_GC150MSowingEarlySoilWaterLow,1930,3
ExperimentDarling Downs ESiteDalby_Vert180SowingEarlySoilWaterLow,1930,3
ExperimentDarling Downs ESiteDalby_GC150MSowingEarlySoilWaterLow,1930,3
ExperimentDarling Downs SW P2SiteMoree_Vert200SowingMidSoilWaterLow,1930,3
ExperimentDarling Downs SW P2SiteMoree_GC150HSowingMidSoilWaterLow,1930,3
ExperimentDarling Downs SW P1SiteGoondiwindi_GC120SowingMidSoilWaterLow,1930,3
ExperimentDarling Downs SW P2SiteMoree_GC150HSowingLateSoilWaterHigh,1931,3
ExperimentDarling Downs SW P2SiteMoree_Vert200SowingLateSoilWaterMid,1931,3
ExperimentDarling Downs ESiteDalby_GC150MSowingLateSoilWaterMid,1931,3
ExperimentDarling Downs SW P2SiteMoree_Vert200SowingLateSoilWaterLow,1931,3
ExperimentDarling Downs SW P1SiteGoondiwindi_GC120SowingLateSoilWaterLow,1932,3
ExperimentDarling Downs SW P2SiteMoree_Vert200SowingLateSoilWaterLow,1932,3
ExperimentDarling Downs SW P2SiteMoree_GC150HSowingLateSoilWaterLow,1932,3
ExperimentDarling Downs SW P1SiteGoondiwindi_RC140SowingMidSoilWaterMid,1933,3
ExperimentDarling Downs SW P1SiteGoondiwindi_GC120SowingMidSoilWaterLow,1933,3
ExperimentDarling Downs ESiteDalby_Vert180SowingLateSoilWaterLow,1933,3
ExperimentDarling Downs ESiteMiles_GC120SowingLateSoilWaterLow,1933,3
ExperimentDarling Downs ESiteDalby_GC150MSowingLateSoilWaterLow,1933,3
ExperimentDarling Downs SW P1SiteGoondiwindi_GC120SowingEarlySoilWaterLow,1934,3
ExperimentDarling Downs SW P2SiteMoree_GC150HSowingEarlySoilWaterLow,1935,3
ExperimentDarling Downs SW P2SiteMoree_Vert200SowingEarlySoilWaterLow,1935,3
ExperimentDarling Downs SW P1SiteGoondiwindi_GC120SowingMidSoilWaterLow,1935,3
ExperimentDarling Downs SW P2SiteMoree_Vert200SowingMidSoilWaterLow,1935,3
ExperimentDarling Downs ESiteMiles_GC120SowingMidSoilWaterLow,1935,3
ExperimentDarling Downs SW P1SiteGoondiwindi_RC140SowingMidSoilWaterLow,1935,3
ExperimentDarling Downs SW P1SiteGoondiwindi_GC120SowingMidSoilWaterLow,1936,3
ExperimentDarling Downs SW P2SiteMoree_Vert200SowingMidSoilWaterLow,1936,3
ExperimentDarling Downs SW P1SiteGoondiwindi_RC140SowingMidSoilWaterLow,1936,3
ExperimentDarling Downs SW P1SiteGoondiwindi_GC120SowingEarlySoilWaterLow,1937,3
ExperimentDarling Downs SW P2SiteMoree_Vert200SowingEarlySoilWaterLow,1937,3
ExperimentDarling Downs SW P2SiteMoree_GC150HSowingEarlySoilWaterLow,1937,3
ExperimentDarling Downs SW P2SiteMoree_Vert200SowingEarlySoilWaterLow,1938,3
ExperimentDarling Downs ESitePittsworth_GC150MSowingEarlySoilWaterLow,1938,3
ExperimentDarling Downs SW P2SiteMoree_Vert200SowingMidSoilWaterLow,1938,3
ExperimentDarling Downs SW P1SiteGoondiwindi_RC140SowingMidSoilWaterLow,1938,3
ExperimentDarling Downs SW P2SiteMoree_Vert200SowingEarlySoilWaterLow,1939,3
ExperimentDarling Downs SW P1SiteGoondiwindi_GC120SowingMidSoilWaterLow,1939,3
ExperimentDarling Downs SW P1SiteGoondiwindi_RC140SowingMidSoilWaterLow,1939,3
ExperimentDarling Downs SW P1SiteGoondiwindi_GC120SowingEarlySoilWaterMid,1940,3
ExperimentDarling Downs SW P1SiteGoondiwindi_RC140SowingEarlySoilWaterHigh,1940,3
ExperimentDarling Downs SW P2SiteMoree_GC150HSowingEarlySoilWaterHigh,1940,3
ExperimentDarling Downs SW P2SiteMoree_Vert200SowingEarlySoilWaterMid,1940,3
ExperimentDarling Downs SW P1SiteGoondiwindi_RC140SowingEarlySoilWaterMid,1940,3
ExperimentDarling Downs ESiteMiles_GC120SowingEarlySoilWaterLow,1940,3
ExperimentDarling Downs SW P2SiteMoree_GC150HSowingEarlySoilWaterMid,1940,3
ExperimentDarling Downs SW P1SiteGoondiwindi_GC120SowingEarlySoilWaterLow,1940,3
ExperimentDarling Downs SW P1SiteGoondiwindi_RC140SowingEarlySoilWaterLow,1940,3
ExperimentDarling Downs ESiteDalby_Vert180SowingEarlySoilWaterLow,1941,3
ExperimentDarling Downs ESiteDalby_GC150MSowingEarlySoilWaterLow,1941,3
ExperimentDarling Downs ESitePittsworth_GC150MSowingEarlySoilWaterLow,1941,3
ExperimentDarling Downs SW P1SiteGoondiwindi_RC140SowingLateSoilWaterHigh,1942,3
ExperimentDarling Downs SW P2SiteMoree_Vert200SowingEarlySoilWaterMid,1944,3
ExperimentDarling Downs SW P2SiteMoree_GC150HSowingEarlySoilWaterHigh,1944,3
ExperimentDarling Downs ESiteDalby_Vert180SowingEarlySoilWaterLow,1944,3
ExperimentDarling Downs ESiteDalby_GC150MSowingEarlySoilWaterLow,1944,3
ExperimentDarling Downs SW P2SiteMoree_Vert200SowingEarlySoilWaterLow,1944,3
ExperimentDarling Downs SW P1SiteGoondiwindi_GC120SowingMidSoilWaterMid,1944,3
ExperimentDarling Downs SW P1SiteGoondiwindi_RC140SowingMidSoilWaterHigh,1944,3
ExperimentDarling Downs SW P2SiteMoree_GC150HSowingMidSoilWaterLow,1944,3
ExperimentDarling Downs SW P2SiteMoree_Vert200SowingMidSoilWaterLow,1944,3
ExperimentDarling Downs ESitePittsworth_GC150MSowingMidSoilWaterLow,1944,3
ExperimentDarling Downs SW P1SiteGoondiwindi_RC140SowingMidSoilWaterMid,1944,3
ExperimentDarling Downs ESiteMiles_GC120SowingMidSoilWaterLow,1944,3
ExperimentDarling Downs SW P1SiteGoondiwindi_GC120SowingMidSoilWaterLow,1944,3
ExperimentDarling Downs SW P2SiteMoree_GC150HSowingEarlySoilWaterMid,1945,3
ExperimentDarling Downs SW P1SiteGoondiwindi_RC140SowingEarlySoilWaterLow,1945,3
ExperimentDarling Downs SW P2SiteMoree_Vert200SowingEarlySoilWaterLow,1945,3
ExperimentDarling Downs SW P2SiteMoree_GC150HSowingEarlySoilWaterLow,1945,3
ExperimentDarling Downs ESiteDalby_Vert180SowingEarlySoilWaterLow,1946,3
ExperimentDarling Downs ESiteMiles_GC120SowingEarlySoilWaterLow,1946,3
ExperimentDarling Downs ESitePittsworth_GC150MSowingEarlySoilWaterLow,1946,3
ExperimentDarling Downs ESiteDalby_GC150MSowingEarlySoilWaterLow,1946,3
ExperimentDarling Downs SW P2SiteMoree_Vert200SowingEarlySoilWaterLow,1946,3
ExperimentDarling Downs SW P2SiteMoree_Vert200SowingMidSoilWaterHigh,1946,3
ExperimentDarling Downs SW P2SiteMoree_GC150HSowingMidSoilWaterHigh,1946,3
ExperimentDarling Downs SW P2SiteMoree_Vert200SowingMidSoilWaterMid,1946,3
ExperimentDarling Downs SW P2SiteMoree_GC150HSowingMidSoilWaterMid,1946,3
ExperimentDarling Downs ESitePittsworth_GC150MSowingMidSoilWaterLow,1947,3
ExperimentDarling Downs SW P2SiteMoree_Vert200SowingMidSoilWaterLow,1947,3
ExperimentDarling Downs SW P2SiteMoree_GC150HSowingMidSoilWaterLow,1947,3
ExperimentDarling Downs SW P2SiteMoree_Vert200SowingLateSoilWaterLow,1947,3
ExperimentDarling Downs ESiteDalby_Vert180SowingLateSoilWaterLow,1947,3
ExperimentDarling Downs ESiteDalby_GC150MSowingLateSoilWaterLow,1947,3
ExperimentDarling Downs SW P1SiteGoondiwindi_GC120SowingLateSoilWaterLow,1947,3
ExperimentDarling Downs SW P1SiteGoondiwindi_GC120SowingEarlySoilWaterHigh,1948,3
ExperimentDarling Downs SW P1SiteGoondiwindi_GC120SowingEarlySoilWaterMid,1948,3
ExperimentDarling Downs SW P1SiteGoondiwindi_RC140SowingEarlySoilWaterHigh,1948,3
ExperimentDarling Downs SW P1SiteGoondiwindi_RC140SowingEarlySoilWaterMid,1948,3
ExperimentDarling Downs ESiteDalby_GC150MSowingMidSoilWaterMid,1948,3
ExperimentDarling Downs SW P1SiteGoondiwindi_GC120SowingMidSoilWaterLow,1948,3
ExperimentDarling Downs SW P1SiteGoondiwindi_RC140SowingMidSoilWaterLow,1948,3
ExperimentDarling Downs ESitePittsworth_GC150MSowingMidSoilWaterLow,1948,3
ExperimentDarling Downs ESiteDalby_GC150MSowingMidSoilWaterLow,1948,3
ExperimentDarling Downs ESiteDalby_Vert180SowingMidSoilWaterLow,1948,3
ExperimentDarling Downs SW P2SiteMoree_GC150HSowingMidSoilWaterLow,1948,3
ExperimentDarling Downs SW P2SiteMoree_Vert200SowingMidSoilWaterLow,1948,3
ExperimentDarling Downs SW P1SiteGoondiwindi_GC120SowingEarlySoilWaterLow,1949,3
ExperimentDarling Downs SW P1SiteGoondiwindi_RC140SowingEarlySoilWaterLow,1949,3
ExperimentDarling Downs SW P2SiteMoree_GC150HSowingEarlySoilWaterLow,1949,3
ExperimentDarling Downs SW P2SiteMoree_Vert200SowingEarlySoilWaterLow,1949,3
ExperimentDarling Downs SW P1SiteGoondiwindi_GC120SowingMidSoilWaterHigh,1949,3
ExperimentDarling Downs ESiteMiles_GC120SowingMidSoilWaterHigh,1949,3
ExperimentDarling Downs SW P1SiteGoondiwindi_GC120SowingMidSoilWaterMid,1949,3
ExperimentDarling Downs ESiteMiles_GC120SowingMidSoilWaterMid,1949,3
ExperimentDarling Downs SW P1SiteGoondiwindi_RC140SowingMidSoilWaterHigh,1949,3
ExperimentDarling Downs ESiteDalby_GC150MSowingMidSoilWaterMid,1949,3
ExperimentDarling Downs ESiteMiles_GC120SowingMidSoilWaterHigh,1951,3
ExperimentDarling Downs ESiteDalby_Vert180SowingMidSoilWaterHigh,1951,3
ExperimentDarling Downs SW P2SiteMoree_Vert200SowingEarlySoilWaterLow,1951,3
ExperimentDarling Downs ESiteMiles_GC120SowingMidSoilWaterMid,1951,3
ExperimentDarling Downs ESitePittsworth_GC150MSowingMidSoilWaterHigh,1951,3
ExperimentDarling Downs ESiteDalby_Vert180SowingMidSoilWaterMid,1951,3
ExperimentDarling Downs ESitePittsworth_GC150MSowingMidSoilWaterMid,1951,3
ExperimentDarling Downs ESiteDalby_GC150MSowingMidSoilWaterHigh,1951,3
ExperimentDarling Downs SW P1SiteGoondiwindi_GC120SowingMidSoilWaterHigh,1951,3
ExperimentDarling Downs ESiteDalby_GC150MSowingMidSoilWaterMid,1951,3
ExperimentDarling Downs ESiteMiles_GC120SowingMidSoilWaterLow,1951,3
ExperimentDarling Downs SW P1SiteGoondiwindi_GC120SowingMidSoilWaterMid,1951,3
ExperimentDarling Downs SW P1SiteGoondiwindi_RC140SowingMidSoilWaterHigh,1951,3
ExperimentDarling Downs ESitePittsworth_GC150MSowingMidSoilWaterLow,1951,3
ExperimentDarling Downs SW P2SiteMoree_Vert200SowingLateSoilWaterLow,1951,3
ExperimentDarling Downs SW P2SiteMoree_GC150HSowingLateSoilWaterLow,1951,3
ExperimentDarling Downs SW P2SiteMoree_Vert200SowingEarlySoilWaterLow,1952,3
ExperimentDarling Downs SW P2SiteMoree_GC150HSowingMidSoilWaterHigh,1952,3
ExperimentDarling Downs SW P1SiteGoondiwindi_GC120SowingMidSoilWaterHigh,1952,3
ExperimentDarling Downs SW P2SiteMoree_Vert200SowingMidSoilWaterMid,1952,3
ExperimentDarling Downs ESiteDalby_GC150MSowingMidSoilWaterMid,1952,3
ExperimentDarling Downs SW P1SiteGoondiwindi_GC120SowingMidSoilWaterMid,1952,3
ExperimentDarling Downs SW P1SiteGoondiwindi_RC140SowingMidSoilWaterHigh,1952,3
ExperimentDarling Downs ESiteMiles_GC120SowingMidSoilWaterMid,1952,3
ExperimentDarling Downs SW P2SiteMoree_GC150HSowingMidSoilWaterMid,1952,3
ExperimentDarling Downs SW P1SiteGoondiwindi_RC140SowingMidSoilWaterMid,1952,3
ExperimentDarling Downs ESitePittsworth_GC150MSowingMidSoilWaterLow,1952,3
ExperimentDarling Downs ESiteDalby_Vert180SowingMidSoilWaterLow,1952,3
ExperimentDarling Downs ESiteDalby_GC150MSowingMidSoilWaterLow,1952,3
ExperimentDarling Downs ESiteMiles_GC120SowingMidSoilWaterLow,1952,3
ExperimentDarling Downs SW P1SiteGoondiwindi_GC120SowingMidSoilWaterLow,1952,3
ExperimentDarling Downs SW P2SiteMoree_Vert200SowingEarlySoilWaterLow,1953,3
ExperimentDarling Downs ESitePittsworth_GC150MSowingEarlySoilWaterLow,1953,3
ExperimentDarling Downs SW P2SiteMoree_GC150HSowingEarlySoilWaterLow,1953,3
ExperimentDarling Downs SW P2SiteMoree_Vert200SowingMidSoilWaterMid,1953,3
ExperimentDarling Downs SW P2SiteMoree_GC150HSowingMidSoilWaterHigh,1953,3
ExperimentDarling Downs SW P2SiteMoree_GC150HSowingMidSoilWaterMid,1953,3
ExperimentDarling Downs SW P1SiteGoondiwindi_RC140SowingMidSoilWaterMid,1953,3
ExperimentDarling Downs SW P1SiteGoondiwindi_GC120SowingMidSoilWaterLow,1953,3
ExperimentDarling Downs ESitePittsworth_GC150MSowingEarlySoilWaterLow,1954,3
ExperimentDarling Downs ESiteMiles_GC120SowingMidSoilWaterLow,1954,3
ExperimentDarling Downs SW P1SiteGoondiwindi_GC120SowingMidSoilWaterLow,1954,3
ExperimentDarling Downs SW P1SiteGoondiwindi_RC140SowingMidSoilWaterLow,1954,3
ExperimentDarling Downs ESiteDalby_GC150MSowingEarlySoilWaterLow,1955,3
ExperimentDarling Downs ESiteMiles_GC120SowingEarlySoilWaterLow,1955,3
ExperimentDarling Downs ESitePittsworth_GC150MSowingEarlySoilWaterLow,1955,3
ExperimentDarling Downs SW P1SiteGoondiwindi_GC120SowingEarlySoilWaterLow,1955,3
ExperimentDarling Downs SW P1SiteGoondiwindi_RC140SowingEarlySoilWaterLow,1955,3
ExperimentDarling Downs SW P2SiteMoree_Vert200SowingEarlySoilWaterLow,1955,3
ExperimentDarling Downs SW P2SiteMoree_GC150HSowingEarlySoilWaterLow,1955,3
ExperimentDarling Downs SW P1SiteGoondiwindi_GC120SowingEarlySoilWaterLow,1956,3
ExperimentDarling Downs SW P1SiteGoondiwindi_RC140SowingEarlySoilWaterLow,1956,3
ExperimentDarling Downs SW P2SiteMoree_Vert200SowingMidSoilWaterLow,1956,3
ExperimentDarling Downs SW P2SiteMoree_GC150HSowingMidSoilWaterLow,1956,3
ExperimentDarling Downs ESiteMiles_GC120SowingEarlySoilWaterMid,1957,3
ExperimentDarling Downs SW P1SiteGoondiwindi_RC140SowingEarlySoilWaterMid,1957,3
ExperimentDarling Downs SW P1SiteGoondiwindi_GC120SowingEarlySoilWaterLow,1957,3
ExperimentDarling Downs ESiteDalby_Vert180SowingEarlySoilWaterLow,1957,3
ExperimentDarling Downs ESiteDalby_GC150MSowingEarlySoilWaterLow,1957,3
ExperimentDarling Downs SW P1SiteGoondiwindi_RC140SowingEarlySoilWaterLow,1957,3
ExperimentDarling Downs ESitePittsworth_GC150MSowingEarlySoilWaterLow,1957,3
ExperimentDarling Downs ESiteDalby_GC150MSowingMidSoilWaterLow,1957,3
ExperimentDarling Downs SW P1SiteGoondiwindi_RC140SowingMidSoilWaterLow,1957,3
ExperimentDarling Downs SW P2SiteMoree_Vert200SowingMidSoilWaterLow,1957,3
ExperimentDarling Downs SW P2SiteMoree_GC150HSowingMidSoilWaterLow,1957,3
ExperimentDarling Downs SW P2SiteMoree_GC150HSowingEarlySoilWaterMid,1958,3
ExperimentDarling Downs ESiteDalby_Vert180SowingEarlySoilWaterLow,1958,3
ExperimentDarling Downs ESiteDalby_GC150MSowingEarlySoilWaterLow,1958,3
ExperimentDarling Downs SW P1SiteGoondiwindi_RC140SowingEarlySoilWaterMid,1958,3
ExperimentDarling Downs SW P1SiteGoondiwindi_GC120SowingEarlySoilWaterLow,1958,3
ExperimentDarling Downs SW P1SiteGoondiwindi_GC120SowingMidSoilWaterLow,1958,3
ExperimentDarling Downs SW P1SiteGoondiwindi_RC140SowingMidSoilWaterLow,1958,3
ExperimentDarling Downs ESiteDalby_GC150MSowingMidSoilWaterLow,1959,3
ExperimentDarling Downs ESiteDalby_Vert180SowingMidSoilWaterLow,1959,3
ExperimentDarling Downs ESiteMiles_GC120SowingMidSoilWaterLow,1959,3
ExperimentDarling Downs ESitePittsworth_GC150MSowingMidSoilWaterLow,1959,3
ExperimentDarling Downs SW P2SiteMoree_Vert200SowingLateSoilWaterLow,1959,3
ExperimentDarling Downs SW P2SiteMoree_GC150HSowingMidSoilWaterMid,1960,3
ExperimentDarling Downs ESiteMiles_GC120SowingMidSoilWaterMid,1960,3
ExperimentDarling Downs SW P1SiteGoondiwindi_RC140SowingMidSoilWaterMid,1960,3
ExperimentDarling Downs ESiteDalby_Vert180SowingMidSoilWaterLow,1960,3
ExperimentDarling Downs ESiteDalby_GC150MSowingMidSoilWaterLow,1960,3
ExperimentDarling Downs SW P1SiteGoondiwindi_GC120SowingMidSoilWaterLow,1960,3
ExperimentDarling Downs SW P2SiteMoree_Vert200SowingMidSoilWaterLow,1960,3
ExperimentDarling Downs ESiteMiles_GC120SowingMidSoilWaterLow,1960,3
ExperimentDarling Downs SW P2SiteMoree_GC150HSowingMidSoilWaterLow,1960,3
ExperimentDarling Downs SW P2SiteMoree_Vert200SowingEarlySoilWaterLow,1961,3
ExperimentDarling Downs ESiteMiles_GC120SowingEarlySoilWaterHigh,1962,3
ExperimentDarling Downs ESiteMiles_GC120SowingEarlySoilWaterMid,1962,3
ExperimentDarling Downs SW P1SiteGoondiwindi_RC140SowingEarlySoilWaterLow,1963,3
ExperimentDarling Downs SW P1SiteGoondiwindi_RC140SowingMidSoilWaterMid,1963,3
ExperimentDarling Downs ESiteDalby_GC150MSowingMidSoilWaterLow,1963,3
ExperimentDarling Downs SW P1SiteGoondiwindi_GC120SowingMidSoilWaterLow,1963,3
ExperimentDarling Downs ESiteMiles_GC120SowingMidSoilWaterLow,1963,3
ExperimentDarling Downs SW P1SiteGoondiwindi_RC140SowingLateSoilWaterLow,1963,3
ExperimentDarling Downs SW P2SiteMoree_Vert200SowingLateSoilWaterLow,1965,3
ExperimentDarling Downs ESiteDalby_GC150MSowingMidSoilWaterLow,1966,3
ExperimentDarling Downs ESiteDalby_Vert180SowingMidSoilWaterLow,1966,3
ExperimentDarling Downs SW P1SiteGoondiwindi_GC120SowingMidSoilWaterMid,1966,3
ExperimentDarling Downs SW P1SiteGoondiwindi_RC140SowingMidSoilWaterHigh,1966,3
ExperimentDarling Downs SW P2SiteMoree_Vert200SowingMidSoilWaterLow,1966,3
ExperimentDarling Downs SW P2SiteMoree_GC150HSowingMidSoilWaterLow,1966,3
ExperimentDarling Downs SW P1SiteGoondiwindi_RC140SowingMidSoilWaterMid,1966,3
ExperimentDarling Downs SW P1SiteGoondiwindi_GC120SowingMidSoilWaterLow,1966,3
ExperimentDarling Downs SW P2SiteMoree_Vert200SowingEarlySoilWaterMid,1967,3
ExperimentDarling Downs ESiteDalby_GC150MSowingEarlySoilWaterHigh,1967,3
ExperimentDarling Downs ESiteMiles_GC120SowingEarlySoilWaterMid,1967,3
ExperimentDarling Downs ESiteDalby_GC150MSowingEarlySoilWaterMid,1967,3
ExperimentDarling Downs SW P1SiteGoondiwindi_GC120SowingEarlySoilWaterMid,1967,3
ExperimentDarling Downs SW P1SiteGoondiwindi_RC140SowingEarlySoilWaterHigh,1967,3
ExperimentDarling Downs SW P2SiteMoree_GC150HSowingEarlySoilWaterMid,1967,3
ExperimentDarling Downs ESitePittsworth_GC150MSowingEarlySoilWaterMid,1967,3
ExperimentDarling Downs SW P2SiteMoree_Vert200SowingEarlySoilWaterLow,1967,3
ExperimentDarling Downs SW P1SiteGoondiwindi_RC140SowingEarlySoilWaterMid,1967,3
ExperimentDarling Downs SW P1SiteGoondiwindi_GC120SowingEarlySoilWaterLow,1967,3
ExperimentDarling Downs SW P2SiteMoree_GC150HSowingEarlySoilWaterLow,1967,3
ExperimentDarling Downs ESiteMiles_GC120SowingEarlySoilWaterLow,1967,3
ExperimentDarling Downs ESitePittsworth_GC150MSowingEarlySoilWaterLow,1967,3
ExperimentDarling Downs ESitePittsworth_GC150MSowingLateSoilWaterLow,1967,3
ExperimentDarling Downs SW P2SiteMoree_GC150HSowingLateSoilWaterMid,1968,3
ExperimentDarling Downs SW P2SiteMoree_GC150HSowingLateSoilWaterLow,1968,3
ExperimentDarling Downs SW P2SiteMoree_Vert200SowingLateSoilWaterLow,1968,3
ExperimentDarling Downs SW P1SiteGoondiwindi_GC120SowingMidSoilWaterLow,1969,3
ExperimentDarling Downs SW P1SiteGoondiwindi_RC140SowingMidSoilWaterLow,1969,3
ExperimentDarling Downs SW P2SiteMoree_Vert200SowingMidSoilWaterLow,1969,3
ExperimentDarling Downs SW P2SiteMoree_GC150HSowingMidSoilWaterLow,1969,3
ExperimentDarling Downs SW P2SiteMoree_GC150HSowingLateSoilWaterLow,1971,3
ExperimentDarling Downs SW P2SiteMoree_Vert200SowingLateSoilWaterLow,1971,3
ExperimentDarling Downs SW P2SiteMoree_Vert200SowingMidSoilWaterMid,1972,3
ExperimentDarling Downs SW P1SiteGoondiwindi_RC140SowingMidSoilWaterMid,1972,3
ExperimentDarling Downs SW P2SiteMoree_GC150HSowingMidSoilWaterMid,1972,3
ExperimentDarling Downs ESiteDalby_GC150MSowingMidSoilWaterLow,1972,3
ExperimentDarling Downs ESiteDalby_Vert180SowingMidSoilWaterLow,1972,3
ExperimentDarling Downs SW P1SiteGoondiwindi_GC120SowingMidSoilWaterLow,1972,3
ExperimentDarling Downs SW P1SiteGoondiwindi_RC140SowingMidSoilWaterLow,1972,3
ExperimentDarling Downs SW P1SiteGoondiwindi_GC120SowingEarlySoilWaterMid,1973,3
ExperimentDarling Downs SW P1SiteGoondiwindi_RC140SowingEarlySoilWaterMid,1973,3
ExperimentDarling Downs SW P1SiteGoondiwindi_GC120SowingEarlySoilWaterLow,1973,3
ExperimentDarling Downs SW P1SiteGoondiwindi_RC140SowingEarlySoilWaterLow,1973,3
ExperimentDarling Downs SW P2SiteMoree_GC150HSowingMidSoilWaterHigh,1974,3
ExperimentDarling Downs SW P2SiteMoree_Vert200SowingMidSoilWaterMid,1974,3
ExperimentDarling Downs SW P1SiteGoondiwindi_GC120SowingMidSoilWaterHigh,1974,3
ExperimentDarling Downs SW P2SiteMoree_GC150HSowingMidSoilWaterMid,1974,3
ExperimentDarling Downs SW P2SiteMoree_Vert200SowingEarlySoilWaterLow,1974,3
ExperimentDarling Downs ESiteDalby_GC150MSowingMidSoilWaterLow,1974,3
ExperimentDarling Downs ESiteDalby_Vert180SowingMidSoilWaterLow,1974,3
ExperimentDarling Downs ESitePittsworth_GC150MSowingMidSoilWaterLow,1974,3
ExperimentDarling Downs SW P1SiteGoondiwindi_GC120SowingMidSoilWaterMid,1974,3
ExperimentDarling Downs SW P1SiteGoondiwindi_RC140SowingMidSoilWaterHigh,1974,3
ExperimentDarling Downs ESiteMiles_GC120SowingMidSoilWaterLow,1974,3
ExperimentDarling Downs SW P1SiteGoondiwindi_RC140SowingMidSoilWaterMid,1974,3
ExperimentDarling Downs SW P1SiteGoondiwindi_GC120SowingMidSoilWaterLow,1974,3
ExperimentDarling Downs SW P1SiteGoondiwindi_GC120SowingEarlySoilWaterMid,1976,3
ExperimentDarling Downs SW P1SiteGoondiwindi_RC140SowingEarlySoilWaterHigh,1976,3
ExperimentDarling Downs SW P1SiteGoondiwindi_RC140SowingEarlySoilWaterLow,1976,3
ExperimentDarling Downs ESiteMiles_GC120SowingMidSoilWaterLow,1976,3
ExperimentDarling Downs SW P1SiteGoondiwindi_GC120SowingMidSoilWaterLow,1976,3
ExperimentDarling Downs SW P1SiteGoondiwindi_RC140SowingMidSoilWaterLow,1976,3
ExperimentDarling Downs SW P2SiteMoree_Vert200SowingMidSoilWaterLow,1976,3
ExperimentDarling Downs SW P2SiteMoree_GC150HSowingMidSoilWaterLow,1976,3
ExperimentDarling Downs ESiteDalby_Vert180SowingMidSoilWaterLow,1976,3
ExperimentDarling Downs ESiteDalby_GC150MSowingMidSoilWaterLow,1976,3
ExperimentDarling Downs ESitePittsworth_GC150MSowingMidSoilWaterLow,1976,3
ExperimentDarling Downs SW P2SiteMoree_GC150HSowingEarlySoilWaterMid,1977,3
ExperimentDarling Downs ESitePittsworth_GC150MSowingEarlySoilWaterLow,1977,3
ExperimentDarling Downs ESiteMiles_GC120SowingEarlySoilWaterLow,1977,3
ExperimentDarling Downs SW P2SiteMoree_Vert200SowingEarlySoilWaterLow,1977,3
ExperimentDarling Downs SW P2SiteMoree_GC150HSowingEarlySoilWaterLow,1977,3
ExperimentDarling Downs SW P1SiteGoondiwindi_GC120SowingEarlySoilWaterLow,1977,3
ExperimentDarling Downs ESitePittsworth_GC150MSowingEarlySoilWaterLow,1978,3
ExperimentDarling Downs SW P2SiteMoree_Vert200SowingEarlySoilWaterLow,1978,3
ExperimentDarling Downs SW P2SiteMoree_GC150HSowingEarlySoilWaterLow,1978,3
ExperimentDarling Downs SW P2SiteMoree_GC150HSowingMidSoilWaterLow,1978,3
ExperimentDarling Downs SW P1SiteGoondiwindi_GC120SowingMidSoilWaterLow,1978,3
ExperimentDarling Downs ESitePittsworth_GC150MSowingEarlySoilWaterLow,1979,3
ExperimentDarling Downs SW P1SiteGoondiwindi_RC140SowingMidSoilWaterMid,1979,3
ExperimentDarling Downs SW P1SiteGoondiwindi_GC120SowingMidSoilWaterLow,1979,3
ExperimentDarling Downs SW P2SiteMoree_Vert200SowingLateSoilWaterLow,1979,3
ExperimentDarling Downs SW P2SiteMoree_GC150HSowingLateSoilWaterLow,1979,3
ExperimentDarling Downs SW P1SiteGoondiwindi_GC120SowingMidSoilWaterLow,1980,3
ExperimentDarling Downs SW P2SiteMoree_GC150HSowingMidSoilWaterLow,1980,3
ExperimentDarling Downs SW P1SiteGoondiwindi_RC140SowingMidSoilWaterLow,1980,3
ExperimentDarling Downs ESiteMiles_GC120SowingLateSoilWaterLow,1980,3
ExperimentDarling Downs SW P2SiteMoree_GC150HSowingEarlySoilWaterMid,1981,3
ExperimentDarling Downs SW P1SiteGoondiwindi_RC140SowingEarlySoilWaterLow,1981,3
ExperimentDarling Downs SW P2SiteMoree_GC150HSowingEarlySoilWaterLow,1981,3
ExperimentDarling Downs SW P2SiteMoree_Vert200SowingEarlySoilWaterLow,1981,3
ExperimentDarling Downs SW P2SiteMoree_Vert200SowingMidSoilWaterLow,1981,3
ExperimentDarling Downs ESiteMiles_GC120SowingEarlySoilWaterHigh,1982,3
ExperimentDarling Downs SW P2SiteMoree_Vert200SowingEarlySoilWaterMid,1982,3
ExperimentDarling Downs ESiteMiles_GC120SowingEarlySoilWaterMid,1982,3
ExperimentDarling Downs SW P1SiteGoondiwindi_RC140SowingEarlySoilWaterLow,1982,3
ExperimentDarling Downs ESiteMiles_GC120SowingLateSoilWaterMid,1982,3
ExperimentDarling Downs SW P2SiteMoree_GC150HSowingLateSoilWaterLow,1982,3
ExperimentDarling Downs SW P2SiteMoree_Vert200SowingLateSoilWaterLow,1982,3
ExperimentDarling Downs ESiteMiles_GC120SowingLateSoilWaterLow,1982,3
ExperimentDarling Downs ESiteDalby_Vert180SowingLateSoilWaterLow,1983,3
ExperimentDarling Downs ESiteDalby_GC150MSowingLateSoilWaterLow,1983,3
ExperimentDarling Downs SW P2SiteMoree_GC150HSowingMidSoilWaterMid,1984,3
ExperimentDarling Downs SW P1SiteGoondiwindi_RC140SowingMidSoilWaterMid,1984,3
ExperimentDarling Downs SW P2SiteMoree_GC150HSowingMidSoilWaterLow,1984,3
ExperimentDarling Downs SW P2SiteMoree_Vert200SowingMidSoilWaterLow,1984,3
ExperimentDarling Downs SW P1SiteGoondiwindi_GC120SowingMidSoilWaterLow,1984,3
ExperimentDarling Downs ESiteDalby_Vert180SowingLateSoilWaterLow,1984,3
ExperimentDarling Downs ESiteDalby_Vert180SowingMidSoilWaterLow,1985,3
ExperimentDarling Downs ESiteDalby_GC150MSowingMidSoilWaterLow,1985,3
ExperimentDarling Downs ESitePittsworth_GC150MSowingLateSoilWaterLow,1985,3
ExperimentDarling Downs ESiteDalby_Vert180SowingLateSoilWaterLow,1985,3
ExperimentDarling Downs ESiteDalby_GC150MSowingLateSoilWaterLow,1985,3
ExperimentDarling Downs ESiteMiles_GC120SowingLateSoilWaterLow,1985,3
ExperimentDarling Downs SW P1SiteGoondiwindi_GC120SowingLateSoilWaterLow,1985,3
ExperimentDarling Downs SW P2SiteMoree_Vert200SowingLateSoilWaterLow,1985,3
ExperimentDarling Downs SW P2SiteMoree_GC150HSowingLateSoilWaterLow,1985,3
ExperimentDarling Downs ESiteMiles_GC120SowingEarlySoilWaterMid,1986,3
ExperimentDarling Downs ESiteDalby_Vert180SowingEarlySoilWaterLow,1986,3
ExperimentDarling Downs ESiteDalby_GC150MSowingEarlySoilWaterLow,1986,3
ExperimentDarling Downs SW P1SiteGoondiwindi_GC120SowingEarlySoilWaterLow,1986,3
ExperimentDarling Downs SW P1SiteGoondiwindi_RC140SowingEarlySoilWaterLow,1986,3
ExperimentDarling Downs ESiteDalby_Vert180SowingLateSoilWaterLow,1986,3
ExperimentDarling Downs ESiteDalby_GC150MSowingLateSoilWaterLow,1986,3
ExperimentDarling Downs SW P2SiteMoree_Vert200SowingEarlySoilWaterLow,1987,3
ExperimentDarling Downs SW P2SiteMoree_GC150HSowingEarlySoilWaterLow,1987,3
ExperimentDarling Downs SW P1SiteGoondiwindi_GC120SowingMidSoilWaterLow,1987,3
ExperimentDarling Downs SW P1SiteGoondiwindi_RC140SowingMidSoilWaterLow,1987,3
ExperimentDarling Downs ESiteMiles_GC120SowingMidSoilWaterLow,1987,3
ExperimentDarling Downs SW P2SiteMoree_GC150HSowingLateSoilWaterLow,1987,3
ExperimentDarling Downs SW P2SiteMoree_Vert200SowingLateSoilWaterLow,1987,3
ExperimentDarling Downs SW P1SiteGoondiwindi_GC120SowingMidSoilWaterLow,1988,3
ExperimentDarling Downs SW P1SiteGoondiwindi_RC140SowingEarlySoilWaterLow,1989,3
ExperimentDarling Downs SW P2SiteMoree_GC150HSowingLateSoilWaterLow,1989,3
ExperimentDarling Downs SW P2SiteMoree_Vert200SowingLateSoilWaterLow,1989,3
ExperimentDarling Downs SW P2SiteMoree_Vert200SowingEarlySoilWaterMid,1990,3
ExperimentDarling Downs SW P2SiteMoree_GC150HSowingEarlySoilWaterMid,1990,3
ExperimentDarling Downs ESitePittsworth_GC150MSowingEarlySoilWaterMid,1990,3
ExperimentDarling Downs SW P1SiteGoondiwindi_RC140SowingEarlySoilWaterMid,1990,3
ExperimentDarling Downs ESiteMiles_GC120SowingEarlySoilWaterLow,1990,3
ExperimentDarling Downs SW P1SiteGoondiwindi_GC120SowingEarlySoilWaterLow,1990,3
ExperimentDarling Downs ESitePittsworth_GC150MSowingEarlySoilWaterLow,1990,3
ExperimentDarling Downs SW P2SiteMoree_GC150HSowingMidSoilWaterLow,1990,3
ExperimentDarling Downs ESiteDalby_GC150MSowingMidSoilWaterLow,1990,3
ExperimentDarling Downs SW P2SiteMoree_Vert200SowingMidSoilWaterLow,1990,3
ExperimentDarling Downs ESiteDalby_Vert180SowingMidSoilWaterLow,1990,3
ExperimentDarling Downs SW P2SiteMoree_GC150HSowingMidSoilWaterLow,1991,3
ExperimentDarling Downs ESiteMiles_GC120SowingEarlySoilWaterLow,1992,3
ExperimentDarling Downs ESitePittsworth_GC150MSowingLateSoilWaterLow,1992,3
ExperimentDarling Downs SW P2SiteMoree_Vert200SowingEarlySoilWaterLow,1993,3
ExperimentDarling Downs SW P2SiteMoree_GC150HSowingMidSoilWaterHigh,1993,3
ExperimentDarling Downs SW P2SiteMoree_Vert200SowingMidSoilWaterMid,1993,3
ExperimentDarling Downs SW P2SiteMoree_GC150HSowingMidSoilWaterMid,1993,3
ExperimentDarling Downs SW P1SiteGoondiwindi_GC120SowingMidSoilWaterHigh,1993,3
ExperimentDarling Downs SW P1SiteGoondiwindi_GC120SowingMidSoilWaterMid,1993,3
ExperimentDarling Downs SW P1SiteGoondiwindi_RC140SowingMidSoilWaterHigh,1993,3
ExperimentDarling Downs ESiteDalby_Vert180SowingMidSoilWaterLow,1993,3
ExperimentDarling Downs ESiteMiles_GC120SowingMidSoilWaterLow,1993,3
ExperimentDarling Downs ESiteDalby_GC150MSowingMidSoilWaterLow,1993,3
ExperimentDarling Downs SW P1SiteGoondiwindi_RC140SowingMidSoilWaterMid,1993,3
ExperimentDarling Downs SW P1SiteGoondiwindi_GC120SowingMidSoilWaterLow,1993,3
ExperimentDarling Downs SW P2SiteMoree_Vert200SowingMidSoilWaterLow,1993,3
ExperimentDarling Downs SW P2SiteMoree_GC150HSowingMidSoilWaterLow,1993,3
ExperimentDarling Downs ESitePittsworth_GC150MSowingMidSoilWaterLow,1993,3
ExperimentDarling Downs SW P1SiteGoondiwindi_RC140SowingEarlySoilWaterLow,1994,3
ExperimentDarling Downs SW P2SiteMoree_Vert200SowingEarlySoilWaterLow,1994,3
ExperimentDarling Downs SW P2SiteMoree_GC150HSowingEarlySoilWaterLow,1994,3
ExperimentDarling Downs ESiteDalby_Vert180SowingEarlySoilWaterLow,1994,3
ExperimentDarling Downs ESiteDalby_GC150MSowingEarlySoilWaterLow,1994,3
ExperimentDarling Downs ESitePittsworth_GC150MSowingEarlySoilWaterLow,1994,3
ExperimentDarling Downs ESiteMiles_GC120SowingMidSoilWaterLow,1994,3
ExperimentDarling Downs SW P1SiteGoondiwindi_GC120SowingEarlySoilWaterLow,1995,3
ExperimentDarling Downs SW P1SiteGoondiwindi_RC140SowingEarlySoilWaterLow,1995,3
ExperimentDarling Downs ESiteMiles_GC120SowingLateSoilWaterLow,1995,3
ExperimentDarling Downs ESiteDalby_GC150MSowingLateSoilWaterLow,1995,3
ExperimentDarling Downs ESiteDalby_Vert180SowingLateSoilWaterLow,1995,3
ExperimentDarling Downs SW P2SiteMoree_Vert200SowingEarlySoilWaterLow,1996,3
ExperimentDarling Downs SW P2SiteMoree_GC150HSowingEarlySoilWaterLow,1996,3
ExperimentDarling Downs ESiteMiles_GC120SowingMidSoilWaterLow,1997,3
ExperimentDarling Downs SW P2SiteMoree_GC150HSowingMidSoilWaterLow,1997,3
ExperimentDarling Downs SW P2SiteMoree_Vert200SowingMidSoilWaterLow,1997,3
ExperimentDarling Downs SW P1SiteGoondiwindi_GC120SowingLateSoilWaterHigh,1997,3
ExperimentDarling Downs ESitePittsworth_GC150MSowingLateSoilWaterMid,1997,3
ExperimentDarling Downs SW P1SiteGoondiwindi_RC140SowingLateSoilWaterHigh,1997,3
ExperimentDarling Downs SW P1SiteGoondiwindi_GC120SowingLateSoilWaterMid,1997,3
ExperimentDarling Downs ESiteDalby_GC150MSowingLateSoilWaterLow,1997,3
ExperimentDarling Downs ESiteDalby_Vert180SowingLateSoilWaterLow,1997,3
ExperimentDarling Downs SW P1SiteGoondiwindi_RC140SowingLateSoilWaterMid,1997,3
ExperimentDarling Downs SW P1SiteGoondiwindi_GC120SowingLateSoilWaterLow,1997,3
ExperimentDarling Downs SW P1SiteGoondiwindi_GC120SowingEarlySoilWaterLow,1998,3
ExperimentDarling Downs SW P1SiteGoondiwindi_RC140SowingEarlySoilWaterLow,1998,3
ExperimentDarling Downs ESitePittsworth_GC150MSowingEarlySoilWaterLow,1998,3
ExperimentDarling Downs SW P1SiteGoondiwindi_GC120SowingMidSoilWaterLow,1998,3
ExperimentDarling Downs SW P1SiteGoondiwindi_RC140SowingMidSoilWaterLow,1998,3
ExperimentDarling Downs SW P2SiteMoree_Vert200SowingMidSoilWaterLow,1999,3
ExperimentDarling Downs SW P2SiteMoree_GC150HSowingMidSoilWaterLow,1999,3
ExperimentDarling Downs SW P1SiteGoondiwindi_GC120SowingMidSoilWaterLow,1999,3
ExperimentDarling Downs SW P2SiteMoree_GC150HSowingMidSoilWaterMid,2000,3
ExperimentDarling Downs SW P2SiteMoree_GC150HSowingMidSoilWaterLow,2000,3
ExperimentDarling Downs SW P2SiteMoree_Vert200SowingMidSoilWaterLow,2000,3
ExperimentDarling Downs ESiteMiles_GC120SowingMidSoilWaterLow,2001,3
ExperimentDarling Downs SW P2SiteMoree_GC150HSowingLateSoilWaterMid,2001,3
ExperimentDarling Downs SW P2SiteMoree_Vert200SowingLateSoilWaterLow,2001,3
ExperimentDarling Downs SW P2SiteMoree_GC150HSowingLateSoilWaterLow,2001,3
ExperimentDarling Downs ESitePittsworth_GC150MSowingEarlySoilWaterLow,2002,3
ExperimentDarling Downs SW P1SiteGoondiwindi_GC120SowingMidSoilWaterHigh,2002,3
ExperimentDarling Downs SW P2SiteMoree_Vert200SowingMidSoilWaterMid,2002,3
ExperimentDarling Downs SW P1SiteGoondiwindi_GC120SowingMidSoilWaterMid,2002,3
ExperimentDarling Downs SW P1SiteGoondiwindi_RC140SowingMidSoilWaterHigh,2002,3
ExperimentDarling Downs SW P2SiteMoree_GC150HSowingMidSoilWaterMid,2002,3
ExperimentDarling Downs ESiteDalby_Vert180SowingMidSoilWaterLow,2002,3
ExperimentDarling Downs ESiteDalby_GC150MSowingMidSoilWaterLow,2002,3
ExperimentDarling Downs SW P1SiteGoondiwindi_RC140SowingMidSoilWaterMid,2002,3
ExperimentDarling Downs ESitePittsworth_GC150MSowingMidSoilWaterLow,2002,3
ExperimentDarling Downs SW P2SiteMoree_Vert200SowingMidSoilWaterLow,2002,3
ExperimentDarling Downs SW P1SiteGoondiwindi_GC120SowingMidSoilWaterLow,2002,3
ExperimentDarling Downs SW P2SiteMoree_GC150HSowingMidSoilWaterLow,2002,3
ExperimentDarling Downs SW P1SiteGoondiwindi_RC140SowingMidSoilWaterLow,2002,3
ExperimentDarling Downs SW P2SiteMoree_GC150HSowingLateSoilWaterLow,2002,3
ExperimentDarling Downs SW P2SiteMoree_Vert200SowingLateSoilWaterLow,2002,3
ExperimentDarling Downs SW P1SiteGoondiwindi_GC120SowingLateSoilWaterLow,2002,3
ExperimentDarling Downs ESiteMiles_GC120SowingEarlySoilWaterLow,2003,3
ExperimentDarling Downs SW P2SiteMoree_GC150HSowingEarlySoilWaterMid,2003,3
ExperimentDarling Downs SW P2SiteMoree_GC150HSowingEarlySoilWaterHigh,2003,3
ExperimentDarling Downs SW P2SiteMoree_GC150HSowingEarlySoilWaterLow,2003,3
ExperimentDarling Downs SW P2SiteMoree_Vert200SowingEarlySoilWaterLow,2003,3
ExperimentDarling Downs ESiteDalby_Vert180SowingLateSoilWaterLow,2004,3
ExperimentDarling Downs SW P1SiteGoondiwindi_GC120SowingLateSoilWaterLow,2004,3
ExperimentDarling Downs ESiteMiles_GC120SowingLateSoilWaterLow,2004,3
ExperimentDarling Downs SW P2SiteMoree_Vert200SowingEarlySoilWaterLow,2005,3
ExperimentDarling Downs SW P2SiteMoree_GC150HSowingEarlySoilWaterLow,2005,3
ExperimentDarling Downs SW P2SiteMoree_Vert200SowingMidSoilWaterMid,2005,3
ExperimentDarling Downs SW P2SiteMoree_GC150HSowingMidSoilWaterMid,2005,3
ExperimentDarling Downs SW P1SiteGoondiwindi_GC120SowingMidSoilWaterLow,2005,3
ExperimentDarling Downs SW P1SiteGoondiwindi_RC140SowingMidSoilWaterLow,2005,3
ExperimentDarling Downs ESiteMiles_GC120SowingMidSoilWaterLow,2005,3
ExperimentDarling Downs ESiteMiles_GC120SowingMidSoilWaterMid,2006,3
ExperimentDarling Downs SW P2SiteMoree_Vert200SowingMidSoilWaterLow,2006,3
ExperimentDarling Downs ESiteMiles_GC120SowingMidSoilWaterLow,2006,3
ExperimentDarling Downs SW P2SiteMoree_GC150HSowingMidSoilWaterLow,2006,3
ExperimentDarling Downs SW P2SiteMoree_GC150HSowingEarlySoilWaterLow,2007,3
ExperimentDarling Downs SW P2SiteMoree_Vert200SowingEarlySoilWaterLow,2007,3
ExperimentDarling Downs SW P1SiteGoondiwindi_GC120SowingMidSoilWaterLow,2007,3
ExperimentDarling Downs SW P1SiteGoondiwindi_RC140SowingMidSoilWaterLow,2007,3
ExperimentDarling Downs ESiteMiles_GC120SowingLateSoilWaterLow,2007,3
ExperimentDarling Downs SW P1SiteGoondiwindi_GC120SowingMidSoilWaterMid,2008,3
ExperimentDarling Downs SW P1SiteGoondiwindi_RC140SowingMidSoilWaterHigh,2008,3
ExperimentDarling Downs SW P1SiteGoondiwindi_RC140SowingMidSoilWaterMid,2008,3
ExperimentDarling Downs SW P2SiteMoree_GC150HSowingMidSoilWaterLow,2008,3
ExperimentDarling Downs SW P2SiteMoree_Vert200SowingMidSoilWaterLow,2008,3
ExperimentDarling Downs SW P1SiteGoondiwindi_GC120SowingMidSoilWaterLow,2008,3
ExperimentDarling Downs SW P1SiteGoondiwindi_RC140SowingMidSoilWaterLow,2008,3
ExperimentDarling Downs ESiteDalby_GC150MSowingLateSoilWaterLow,2008,3
ExperimentDarling Downs ESiteDalby_Vert180SowingLateSoilWaterLow,2008,3
ExperimentDarling Downs ESiteMiles_GC120SowingEarlySoilWaterHigh,2009,3
ExperimentDarling Downs SW P1SiteGoondiwindi_GC120SowingEarlySoilWaterHigh,2009,3
ExperimentDarling Downs SW P2SiteMoree_Vert200SowingEarlySoilWaterMid,2009,3
ExperimentDarling Downs ESiteDalby_GC150MSowingMidSoilWaterLow,2009,3
ExperimentDarling Downs ESiteDalby_Vert180SowingMidSoilWaterLow,2009,3
ExperimentDarling Downs SW P2SiteMoree_GC150HSowingMidSoilWaterLow,2010,3
ExperimentDarling Downs SW P2SiteMoree_Vert200SowingMidSoilWaterLow,2010,3
ExperimentDarling Downs ESiteMiles_GC120SowingEarlySoilWaterMid,2012,3
ExperimentDarling Downs ESiteDalby_Vert180SowingEarlySoilWaterLow,2012,3
ExperimentDarling Downs ESiteDalby_GC150MSowingEarlySoilWaterLow,2012,3
ExperimentDarling Downs ESitePittsworth_GC150MSowingEarlySoilWaterLow,2012,3
ExperimentDarling Downs SW P1SiteGoondiwindi_RC140SowingEarlySoilWaterMid,2012,3
ExperimentDarling Downs SW P2SiteMoree_Vert200SowingEarlySoilWaterLow,2012,3
ExperimentDarling Downs ESiteMiles_GC120SowingEarlySoilWaterLow,2012,3
ExperimentDarling Downs SW P2SiteMoree_GC150HSowingEarlySoilWaterLow,2012,3
ExperimentDarling Downs SW P1SiteGoondiwindi_GC120SowingEarlySoilWaterLow,2012,3
ExperimentDarling Downs ESiteMiles_GC120SowingEarlySoilWaterLow,2013,3
ExperimentDarling Downs ESitePittsworth_GC150MSowingMidSoilWaterLow,2013,3
ExperimentDarling Downs SW P2SiteMoree_GC150HSowingLateSoilWaterLow,2013,3
ExperimentDarling Downs SW P1SiteGoondiwindi_GC120SowingEarlySoilWaterMid,2014,3
ExperimentDarling Downs SW P1SiteGoondiwindi_RC140SowingEarlySoilWaterHigh,2014,3
ExperimentDarling Downs SW P2SiteMoree_GC150HSowingEarlySoilWaterMid,2014,3
ExperimentDarling Downs SW P1SiteGoondiwindi_GC120SowingEarlySoilWaterLow,2014,3
ExperimentDarling Downs SW P2SiteMoree_Vert200SowingEarlySoilWaterLow,2014,3
ExperimentDarling Downs ESiteDalby_Vert180SowingEarlySoilWaterLow,2014,3
ExperimentDarling Downs ESiteDalby_GC150MSowingEarlySoilWaterLow,2014,3
ExperimentDarling Downs SW P2SiteMoree_GC150HSowingEarlySoilWaterLow,2014,3
ExperimentDarling Downs SW P1SiteGoondiwindi_RC140SowingEarlySoilWaterLow,2014,3
ExperimentDarling Downs SW P2SiteMoree_GC150HSowingLateSoilWaterLow,2014,3
ExperimentDarling Downs SW P1SiteGoondiwindi_GC120SowingLateSoilWaterLow,2014,3
ExperimentDarling Downs SW P2SiteMoree_Vert200SowingLateSoilWaterLow,2014,3
ExperimentDarling Downs ESiteDalby_Vert180SowingLateSoilWaterLow,2014,3
ExperimentDarling Downs SW P1SiteGoondiwindi_RC140SowingLateSoilWaterLow,2014,3
ExperimentDarling Downs SW P1SiteGoondiwindi_GC120SowingEarlySoilWaterHigh,2015,3
ExperimentDarling Downs SW P1SiteGoondiwindi_GC120SowingEarlySoilWaterMid,2015,3
ExperimentDarling Downs SW P1SiteGoondiwindi_RC140SowingEarlySoilWaterHigh,2015,3
ExperimentDarling Downs SW P1SiteGoondiwindi_RC140SowingEarlySoilWaterMid,2015,3
ExperimentDarling Downs SW P1SiteGoondiwindi_GC120SowingEarlySoilWaterLow,2015,3
ExperimentDarling Downs ESiteDalby_GC150MSowingMidSoilWaterLow,2016,3
ExperimentDarling Downs ESiteDalby_Vert180SowingMidSoilWaterLow,2016,3
ExperimentDarling Downs SW P1SiteGoondiwindi_RC140SowingMidSoilWaterMid,2016,3
ExperimentDarling Downs SW P2SiteMoree_Vert200SowingMidSoilWaterLow,2016,3
ExperimentDarling Downs ESitePittsworth_GC150MSowingMidSoilWaterLow,2016,3
ExperimentDarling Downs ESiteMiles_GC120SowingMidSoilWaterLow,2016,3
ExperimentDarling Downs SW P1SiteGoondiwindi_GC120SowingMidSoilWaterLow,2016,3
ExperimentDarling Downs SW P2SiteMoree_GC150HSowingMidSoilWaterLow,2016,3
ExperimentDarling Downs SW P2SiteMoree_GC150HSowingMidSoilWaterMid,2017,3
ExperimentDarling Downs ESiteDalby_GC150MSowingMidSoilWaterMid,2017,3
ExperimentDarling Downs ESitePittsworth_GC150MSowingMidSoilWaterMid,2017,3
ExperimentDarling Downs SW P1SiteGoondiwindi_GC120SowingMidSoilWaterHigh,2017,3
ExperimentDarling Downs ESiteMiles_GC120SowingMidSoilWaterMid,2017,3
ExperimentDarling Downs SW P1SiteGoondiwindi_GC120SowingMidSoilWaterMid,2017,3
ExperimentDarling Downs SW P1SiteGoondiwindi_RC140SowingMidSoilWaterHigh,2017,3
ExperimentDarling Downs SW P2SiteMoree_GC150HSowingMidSoilWaterLow,2017,3
ExperimentDarling Downs SW P2SiteMoree_Vert200SowingMidSoilWaterLow,2017,3
ExperimentDarling Downs ESiteDalby_GC150MSowingMidSoilWaterLow,2017,3
ExperimentDarling Downs ESiteDalby_Vert180SowingMidSoilWaterLow,2017,3
ExperimentDarling Downs SW P1SiteGoondiwindi_RC140SowingMidSoilWaterMid,2017,3
ExperimentDarling Downs ESitePittsworth_GC150MSowingMidSoilWaterLow,2017,3
ExperimentDarling Downs SW P1SiteGoondiwindi_GC120SowingMidSoilWaterLow,2017,3
ExperimentDarling Downs ESiteMiles_GC120SowingMidSoilWaterLow,2018,3
ExperimentDarling Downs SW P2SiteMoree_GC150HSowingEarlySoilWaterMid,2019,3
ExperimentDarling Downs ESiteDalby_Vert180SowingEarlySoilWaterMid,2019,3
ExperimentDarling Downs ESitePittsworth_GC150MSowingEarlySoilWaterHigh,2019,3
ExperimentDarling Downs ESiteDalby_GC150MSowingEarlySoilWaterHigh,2019,3
ExperimentDarling Downs SW P1SiteGoondiwindi_GC120SowingEarlySoilWaterMid,2019,3
ExperimentDarling Downs SW P1SiteGoondiwindi_RC140SowingEarlySoilWaterHigh,2019,3
ExperimentDarling Downs ESiteDalby_GC150MSowingEarlySoilWaterMid,2019,3
ExperimentDarling Downs ESiteMiles_GC120SowingEarlySoilWaterMid,2019,3
ExperimentDarling Downs ESitePittsworth_GC150MSowingEarlySoilWaterMid,2019,3
ExperimentDarling Downs SW P2SiteMoree_Vert200SowingEarlySoilWaterLow,2019,3
ExperimentDarling Downs ESiteDalby_Vert180SowingEarlySoilWaterLow,2019,3
ExperimentDarling Downs SW P2SiteMoree_GC150HSowingEarlySoilWaterLow,2019,3
ExperimentDarling Downs ESitePittsworth_GC150MSowingEarlySoilWaterLow,2019,3
ExperimentDarling Downs ESiteDalby_GC150MSowingEarlySoilWaterLow,2019,3
ExperimentDarling Downs ESiteMiles_GC120SowingEarlySoilWaterHigh,2020,3
ExperimentDarling Downs ESiteMiles_GC120SowingEarlySoilWaterMid,2020,3
ExperimentDarling Downs ESiteDalby_Vert180SowingEarlySoilWaterLow,2020,3
ExperimentDarling Downs ESiteDalby_GC150MSowingEarlySoilWaterLow,2020,3
ExperimentDarling Downs ESiteMiles_GC120SowingEarlySoilWaterLow,2020,3